{
  "project_info": {
    "project_number": "699969466985",
    "project_id": "mad-project-assign-3",
    "storage_bucket": "mad-project-assign-3.firebasestorage.app"
  },
  "client": [
    {
      "client_info": {
        "mobilesdk_app_id": "1:699969466985:android:8bcec9c2354e665aa7e8f8",
        "android_client_info": {
          "package_name": "com.example.madprojectassign3"
        }
      },
      "oauth_client": [],
      "api_key": [
        {
          "current_key": "AIzaSyBC4FUnKy5OeFKaDe0H0fGumv7rjHcsKLk"
        }
      ],
      "services": {
        "appinvite_service": {
          "other_platform_oauth_client": []
        }
      }
    }
  ],
  "configuration_version": "1"
}